Name,Term,ES,NES,NOM p-val,FDR q-val,FWER p-val,Tag %,Gene %,Lead_genes
prerank,Interferon Gamma Response,0.527520204578912,2.684180618228495,0.0,0.0,0.0,114/190,28.22%,MVP;LY6E;UPP1;PSMB8;VAMP8;CDKN1A;ISG15;IRF5;PARP12;FAS;PML;CFB;IRF7;HLA-A;ICAM1;HLA-G;PSME1;CD40;HLA-B;PSMB10;ST3GAL5;UBE2L6;PSME2;ST8SIA4;RBCK1;STAT4;PELI1;NOD1;HLA-DMA;HLA-DRB1;IL4R;CD74;TNFAIP2;PSMB2;PSMB9;CFH;SERPING1;IFIT2;RIPK2;MYD88;PTPN6;IFIT3;PARP14;TAPBP;TRIM14;OASL;SP110;PSMA2;MX1;PNP;TNFAIP6;RTP4;HLA-DQA1;PTGS2;TRIM21;IFIT1;SECTM1;OGFR;IFI35;TAP1;RSAD2;IL15RA;SOCS1;CD86;LGALS3BP;HERC6;FCGR1A;IRF1;MX2;EPSTI1;C1R;CASP1;PLA2G4A;CIITA;NMI;B2M;CCL2;PIM1;CASP4;STAT2;IFNAR2;IFI27;ISG20;IRF9;C1S;PLSCR1;PSMA3;CD274;BPGM;STAT1;ITGB7;BST2;CSF2RB;SAMHD1;IFI44;IL2RB;FPR1;IL10RA;NAMPT;SELP;TNFSF10;DHX58;AUTS2;IFITM3;LYSMD2;ISOC1;VAMP5;NUP93;MARCHF1;OAS3;APOL6;PTPN2;CCL5;NLRC5
prerank,Interferon Alpha Response,0.5620066779366854,2.564470060041588,0.0,0.0,0.0,60/95,26.91%,LY6E;PSMB8;ISG15;PARP12;IRF7;MOV10;PSME1;PROCR;CSF1;UBE2L6;PSME2;IL4R;CD74;PSMB9;GBP2;HLA-C;CNP;IFIT2;RIPK2;IFIT3;PARP14;TRIM14;OASL;SP110;MX1;OAS1;RTP4;TRIM21;OGFR;IFI35;TAP1;RSAD2;LGALS3BP;HERC6;UBA7;IRF1;EPSTI1;CASP1;PARP9;NMI;MVB12A;TENT5A;B2M;STAT2;IFITM1;IFI27;ISG20;IRF9;LPAR6;C1S;PLSCR1;PSMA3;SELL;BST2;IFI44;LAMP3;CD47;DHX58;IFITM3;NUB1
prerank,p53 Pathway,0.5031009488894193,2.5611485905504554,0.0,0.0,0.0,82/191,18.32%,TAX1BP3;BAX;DDB2;IER5;SFN;S100A10;ITGB4;UPP1;CTSD;S100A4;RPL36;SPHK1;PLK3;RPS27L;ST14;ALOX15B;PERP;VAMP8;CDKN1A;BAIAP2;ZMAT3;MAPKAPK3;CDKN2A;DRAM1;HRAS;H2AJ;TM4SF1;TNFSF9;FAS;PIDD1;EPHA2;LIF;RACK1;RAP2B;PTPRE;EPS8L2;FUCA1;RPL18;FDXR;PMM1;SAT1;PROCR;TGFB1;PRMT2;IER3;VWA5A;KRT17;TRIAP1;PLXNB2;PDGFA;CDKN2B;TGFA;PCNA;DGKA;INHBB;ZFP36L1;STOM;SDC1;TPD52L1;NINJ1;CD81;DEF6;RPS12;TRAF4;HMOX1;TP63;AK1;TAP1;SOCS1;PLK2;CCND3;ZNF365;TNNI1;RRAD;TCN2;ERCC5;WRAP73;FAM162A;RNF19B;SLC3A2;CASP1;TSC22D1
prerank,Inflammatory Response,0.5060679150993485,2.5246986628434094,0.0,0.0,0.0,90/167,26.24%,SCN1B;TIMP1;LY6E;RHOG;EMP3;PLAUR;SPHK1;CDKN1A;GNA15;EBI3;TNFSF9;CD55;LIF;PTPRE;CD70;IRF7;ICAM1;KCNJ2;CCL22;ADRM1;IFNGR2;CCL17;CCL20;CD40;IL18;MARCO;HRH1;CSF1;LDLR;MET;TNFRSF1B;CHST2;HPN;IL4R;CLEC5A;LYN;CXCL8;IRAK2;CX3CL1;MMP14;RIPK2;CD14;DCBLD2;PTAFR;TAPBP;OSMR;AHR;TNFAIP6;OLR1;AXL;ITGB8;RTP4;NOD2;RELA;IL15RA;EREG;TLR2;AQP9;OSM;TNFSF15;INHBA;IL18R1;IRF1;P2RY2;ADM;PTGER4;NMI;MSR1;TPBG;CCL2;IFITM1;CYBB;SELL;PDPN;BST2;PTGIR;IL2RB;C5AR1;LAMP3;FPR1;IL10RA;NAMPT;CSF3R;IL1B;TNFSF10;HAS2;SGMS2;TNFRSF9;GABBR1;C3AR1
prerank,Allograft Rejection,0.5024757965842989,2.5136312517942634,0.0,0.0,0.0,96/172,28.15%,RPS19;TIMP1;RPS9;CAPG;CDKN2A;BCL3;FAS;LIF;IRF7;CCL13;HLA-A;ICAM1;SPI1;CCL22;IFNGR2;HLA-G;CD40;TGFB1;PSMB10;FLNA;IL18;CSF1;NCF4;ST8SIA4;STAT4;HLA-DMA;IL4R;CSK;CD74;LYN;GBP2;IGSF6;LY86;LTB;NME1;RIPK2;ITGB2;PTPN6;DEGS1;TAPBP;IL27RA;HLA-DRA;INHBB;RPL39;EIF5A;EIF3D;CTSS;HLA-DQA1;MMP9;RPL9;HLA-DOB;FCGR2B;C2;TAP1;ELF4;SOCS1;BCAT1;CD86;HLA-DOA;EREG;CCND3;TLR2;MAP4K1;CCR1;INHBA;WAS;IL2RG;FGR;CD4;B2M;CCL2;RPS3A;TAP2;IFNAR2;IL2RA;CCND2;STAT1;HLA-E;CD2;CD7;IL2RB;CD47;IL1B;CCR2;TGFB2;IL12RB1;HCLS1;APBB1;IFNGR1;UBE2D1;LY75;CFP;CCR5;CD3E;CD3D;CCL5
prerank,Epithelial Mesenchymal Transition,0.48454683453929875,2.5021804286307483,0.0,0.0,0.0,92/190,24.19%,LGALS1;PDLIM4;TIMP1;QSOX1;EMP3;PLAUR;CAPG;TNFRSF12A;FSTL3;FN1;CDH6;BASP1;COL8A2;FAS;BMP1;LOXL1;SDC4;MYL9;FUCA1;SERPINH1;PMEPA1;COMP;LAMC2;COL7A1;CRLF1;SAT1;DPYSL3;COL16A1;TGFB1;P3H1;FLNA;CTHRC1;COL1A1;COLGALT1;ANPEP;TNC;CDH11;CXCL8;NT5E;TGM2;MMP14;ITGA2;FGF2;LOX;MCM7;NNMT;PCOLCE;FAP;CD59;ITGB5;TGFBI;SDC1;BGN;DST;EFEMP2;IGFBP2;LUM;COL5A1;RGS4;IGFBP4;MMP2;COL11A1;TFPI2;SPP1;VCAN;INHBA;COL1A2;COL6A2;THBS2;IL32;MXRA5;FBN2;PRSS2;LRP1;COL3A1;PMP22;MATN3;GADD45A;LRRC15;GPC1;LAMA1;ADAM12;VIM;TPM4;SLIT2;ECM1;FBLN1;LAMA3;SFRP4;PLOD3;DCN;POSTN
prerank,Coagulation,0.5403293801307054,2.496171668874837,0.0,0.0,0.0,46/96,17.37%,TIMP1;PLAU;SERPINA1;ANG;GSN;S100A13;CTSH;PROS1;FN1;TMPRSS6;ANXA1;BMP1;S100A1;DUSP6;CLU;CRIP2;DPP4;CFB;PRSS23;MMP11;C3;CFI;COMP;GNB2;MMP7;RABIF;FYN;HPN;CFH;SERPING1;MMP14;ITGA2;RAC1;MAFF;C1QA;CTSE;OLR1;CTSK;MMP9;C2;APOC1;CAPN2;MMP2;TFPI2;MST1;C1R
prerank,TNF-alpha Signaling via NF-kB,0.4770602287488922,2.4218252722006595,0.0,0.0,0.0,78/187,20.75%,IER5;PHLDA2;PLAU;NFKBIE;PLAUR;SPHK1;LAMB3;NFKB2;CDKN1A;TRIP10;DRAM1;TNFSF9;BCL3;LIF;SDC4;PTPRE;RELB;DUSP4;DUSP5;TNIP1;CCND1;ICAM1;PMEPA1;SAT1;IFNGR2;CCL20;CEBPB;IL23A;G0S2;BTG3;IL18;CSF1;IER3;LDLR;TNIP2;TNC;STAT5A;TNFAIP2;TGIF1;IFIT2;MAP2K3;CXCL2;RIPK2;FOSL1;EFNA1;B4GALT5;SLC2A3;MAFF;EHD1;NINJ1;TNFAIP6;OLR1;CLCF1;PTGS2;RELA;ZC3H12A;BHLHE40;TAP1;IL15RA;PLK2;TLR2;F2RL1;BCL2A1;INHBA;RNF19B;IRF1;BIRC3;PTGER4;SLC2A6;TSC22D1;SERPINB8;CCL2;CEBPD;MSC;GADD45A;JUNB;CD83;TUBB2A
prerank,Apoptosis,0.44047447933656314,2.169853631705381,0.0,0.0,0.0,57/152,21.16%,BAX;GPX1;BCL2L1;TSPO;LGALS3;IGFBP6;TIMP1;GPX4;LMNA;BID;TNFRSF12A;GSN;CDKN1A;GNA15;CCNA1;CDC25B;ANXA1;FAS;CLU;KRT18;PMAIP1;CCND1;ERBB3;RARA;FDXR;SAT1;CASP6;BTG3;IL18;IER3;SLC20A1;PEA15;CD14;HSPB1;MGMT;TIMP2;ERBB2;BGN;PSEN2;HMOX1;LUM;RELA;TAP1;DAP3;EREG;MMP2;PLCB2;EBP;IRF1;BIRC3;CASP1;PPT1;CASP4;GADD45A;ISG20;SOD1;CCND2
prerank,Apical Junction,0.4298540485623635,2.1640978217148854,0.0,0.0,0.0,81/172,25.64%,RRAS;PFN1;ITGB4;ITGA3;NECTIN4;GRB7;CDH3;LAMB3;VASP;CD276;MDK;ALOX15B;BAIAP2;STX4;MYL12B;HRAS;CDH6;GNAI2;BMP1;SRC;CRB3;MYL9;SDC3;ICAM1;ICAM5;CLDN7;CLDN4;LAMC2;MPZL2;ADAM15;COL16A1;DSC3;NLGN2;MAPK13;RAC2;CLDN9;ACTN1;AMIGO2;ACTG1;ZYX;CDH11;CX3CL1;NECTIN1;ITGA2;TSPAN4;ARPC2;YWHAH;TGFBI;SIRPA;MYH10;MMP9;PARVA;CD86;SHC1;MMP2;CD99;JUP;SYMPK;ACTB;GAMT;VCAN;CDH4;CLDN11;THBS3;ACTN4;SORBS3;CERCAM;COL17A1;CNN2;SLIT2;CD274;LAMA3;GTF2F1;CADM3;CAP1;TUBG1;MAPK11;ADRA1B;NECTIN2;PCDH1;TRAF1
prerank,Complement,0.4183625481894579,2.1045706325795375,0.0,0.0,0.0,68/172,19.74%,LGALS3;TIMP1;PFN1;SIRT6;RHOG;SERPINA1;CTSD;PLAUR;PPP4C;ANG;STX4;S100A13;CTSH;FN1;TMPRSS6;CTSC;GNAI2;CD55;SRC;DUSP6;CLU;DUSP5;DPP4;CFB;IRF7;C3;S100A9;CEBPB;GNB2;SPOCK2;RABIF;FYN;FCER1G;RCE1;LYN;PSMB9;CFH;SERPING1;MMP14;ITGAM;CD59;MAFF;C1QA;TIMP2;EHD1;OLR1;CTSS;F5;C2;APOC1;APOBEC3F;MMP13;APOBEC3G;TFPI2;MSRB1;ANXA5;FCN1;IRF1;WAS;C1R;CASP1;PLA2G4A;C1QC;MMP12;LRP1;LTA4H;PIM1;CASP4
prerank,Estrogen Response Late,0.38784240291433386,1.9820982268266887,0.0,0.00018953154120731594,0.002,68/181,22.77%,KRT19;GALE;SFN;LSR;ALDH3B1;SULT2B1;SERPINA1;NBL1;ST14;MDK;PERP;EMP2;CCNA1;GJB3;RNASEH2A;KLK10;PLAAT3;SCNN1A;TST;SEMA3B;CCND1;PRSS23;CXCL14;LAMC2;NAB2;S100A9;PTGES;MAPK13;TFAP2C;BTG3;KRT13;IGSF1;SIAH2;NXT1;NMU;PTPN6;TRIM29;AGR2;GINS2;TIAM1;PLXNB1;TPD52L1;KLK11;RAPGEFL1;ASS1;BATF;IGFBP4;TPSAB1;TFPI2;SLC27A2;RAB31;PGR;MICB;DHRS2;TSPAN13;PKP3;BAG1;SNX10;TPBG;LLGL2;ISG20;CCN5;OVOL2;CAV1;FABP5;NRIP1;ATP2B4;ITPK1
prerank,IL-6/JAK/STAT3 Signaling,0.4374384933290885,1.9227364178312454,0.0,0.0003499043837673525,0.004,40/76,28.43%,TNFRSF1A;TNFRSF12A;EBI3;FAS;IFNGR2;TNFRSF21;TGFB1;CSF1;TNFRSF1B;IL4R;LTB;CD14;MYD88;OSMR;CSF2RA;IL10RB;CRLF2;HMOX1;IL1R2;IL15RA;SOCS1;IL13RA1;TLR2;LTBR;CCR1;IL18R1;IRF1;IL2RG;PIM1;STAT2;IL2RA;IRF9;STAT1;CSF2RB;CSF3R;IL1B;IL12RB1;IFNGR1;PTPN2;PIK3R5
prerank,IL-2/STAT5 Signaling,0.36995880240776613,1.8766109492244607,0.0,0.0004873668202473838,0.006,76/182,26.93%,BCL2L1;SYNGR2;GPX4;MUC1;CAPG;GSTO1;ETV4;BATF3;LIF;S100A1;DHRS3;TNFRSF18;SLC1A5;PRAF2;MAPKAPK2;TNFRSF21;CSF1;TNFRSF1B;ANXA4;MYO1C;IL4R;NT5E;LTB;TGM2;PUS1;PLEC;WLS;FLT3LG;RNH1;PTRH2;SLC2A3;MAFF;AHR;TIAM1;PNP;CD81;CDKN1C;TTC39B;CDCP1;PLIN2;IL1RL1;BHLHE40;IL1R2;AGER;SOCS1;CD86;BATF;CCND3;SPP1;IL18R1;GLIPR2;NFKBIZ;PIM1;CCNE1;IL2RA;CD83;CTSZ;CCND2;DCPS;PLSCR1;ALCAM;SELL;ECM1;CTLA4;TNFRSF4;CST7;IL2RB;PDCD2L;IL10RA;SELP;TNFSF10;TRAF1;TNFRSF9;SERPINB6;IFITM3;IFNGR1
prerank,DNA Repair,0.3722873220870275,1.845261494998772,0.0,0.0005306883153804845,0.007,79/146,35.90%,DDB2;GPX4;SAC3D1;GUK1;TAF10;MPG;IMPDH2;POLD4;ADRM1;POLR2I;POLD1;DGUOK;TYMS;POLR2H;NME3;ERCC1;POLE4;NME1;RBX1;PCNA;ITPA;NELFE;NT5C;ELL;RFC2;PNP;POLR2E;APRT;VPS28;AK1;POLR3C;ALYREF;RAD51;POLA2;NELFB;TK2;ERCC5;POLR2J;RFC4;CANT1;TAF12;SUPT5H;STX3;TP53;MPC2;EDF1;GTF2F1;LIG1;GSDME;POLL;FEN1;POLR1D;HCLS1;GTF3C5;GTF2H5;HPRT1;POLR2G;RALA;POLR2D;NPR2;TAF9;RRM2B;CMPK2;DUT;GTF2B;TARBP2;CCNO;ZNF707;GTF2A2;ADA;SUPT4H1;CSTF3;CDA;BCAP31;NME4;XPC;RPA2;RPA3;POLR1C
prerank,Myc Targets V1,0.3560502162848862,1.8395615937724967,0.0,0.0004975202956692043,0.007,65/198,21.31%,RPS2;SRM;RRP9;RPL14;RPS3;RPLP0;RACK1;LSM7;IMPDH2;RPL18;SNRPD2;RPS10;MCM5;RPL34;MRPL9;TYMS;PSMB3;PSMA7;RPS6;PSMA1;EEF1B2;RPS5;SSBP1;PSMB2;NME1;SNRPD1;MRPL23;PCNA;MCM7;LSM2;CBX3;PSMA2;RANBP1;SNRPA;EIF3D;FBL;MCM4;PPM1G;PRPF31;PABPC4;NOP16;MCM6;SNRPG;CDC45;EIF3B;HDGF;CCT3;LDHA;PRDX4;NAP1L1;RUVBL2;CCT7;PSMA4;NHP2;RFC4;HNRNPA1;NDUFAB1;PPIA;PABPC1;RNPS1;SNRPB2;KARS1;MCM2;AP3S1;APEX1
prerank,KRAS Signaling Up,0.3559207647956245,1.790455085075044,0.0,0.0012040827323758895,0.018,61/172,19.97%,SCN1B;KCNN4;SLPI;PLAU;PLAUR;PSMB8;ETV4;LIF;DUSP6;ANGPTL4;SEMA3B;CFB;FUCA1;TMEM176A;MMP11;MPZL2;CCL20;TMEM176B;G0S2;ALDH1A3;PCSK1N;CLEC4A;VWA5A;TNFRSF1B;FCER1G;CFH;LAT2;ITGB2;ITGA2;DCBLD2;ADAM8;TMEM100;CSF2RA;LAPTM5;GLRX;LY96;IL1RL2;SPON1;CTSS;GPNMB;PTGS2;ERO1A;MMP9;TRIB2;EREG;JUP;MAP4K1;F2RL1;SPP1;APOD;ETV5;TSPAN1;INHBA;LCP1;IL2RG;BIRC3;TSPAN13;CD37;TOR1AIP2;SCG5;ETV1
prerank,Reactive Oxygen Species Pathway,0.4198669625414164,1.6935601280616583,0.0,0.0034747449221341252,0.054,18/47,20.98%,GPX4;TXN;PDLIM1;EGLN2;PRDX6;CDKN2D;FTL;MGST1;MSRA;GLRX;LSP1;LAMTOR5;FES;PRDX4;GLRX2;SBNO2;JUNB;SOD1
prerank,Hypoxia,0.3188486111902288,1.6160709440549292,0.0015625,0.007002691680396619,0.11,59/180,20.93%,ANXA2;SULT2B1;S100A4;PLAUR;CAVIN1;CDKN1A;STBD1;SDC4;ANGPTL4;HS3ST1;GALK1;SDC3;B3GALT6;KDELR3;CASP6;IER3;ENO1;CHST2;PAM;CAVIN3;TGM2;SIAH2;EFNA1;LOX;SLC2A3;MAFF;TGFBI;PKP1;NAGK;AK4;GLRX;BGN;CDKN1C;PFKL;HMOX1;MIF;ERO1A;EFNA3;PLIN2;BHLHE40;P4HA2;COL5A1;SLC6A6;SLC2A1;GAPDH;LDHA;IDS;FAM162A;PGM1;ADM;TPBG;HEXA;FBP1;SLC37A4;PIM1;GPC1;PLAC8;ISG20;CCN5
prerank,Glycolysis,0.3179941951135216,1.613332675992464,0.0,0.006766276021101178,0.112,65/181,22.95%,GALE;B3GNT3;QSOX1;ELF3;ANG;PGLS;TXN;PKM;ANGPTL4;B4GALT2;CLDN3;SLC16A3;GALK1;SDC3;B3GALT6;PYGL;KDELR3;CHPF2;CLDN9;CASP6;SPAG4;AGRN;IER3;B3GAT3;MET;ENO1;RBCK1;CHST2;PAM;DSC2;NT5E;PYGB;TGFA;AKR1A1;EGLN3;TGFBI;SDC1;AK4;GLRX;TALDO1;PC;STMN1;MIF;ERO1A;EFNA3;P4HA2;COL5A1;CHST1;IL13RA1;CHST6;LDHA;VCAN;FAM162A;CHPF;TPBG;PPIA;SLC37A4;GPC1;ISG20;SOD1;PKP2;PDK3;XYLT2;B3GAT1;ANKZF1
prerank,UV Response Up,0.32297223991202517,1.5745224616781772,0.001519756838905775,0.009205817715783916,0.155,44/143,20.90%,BID;CDC34;TUBA4A;TST;CLTB;ICAM1;H2AX;HYAL2;STARD3;BTG3;POLR2H;SELENOW;NPTXR;HLA-F;LYN;CNP;ATP6V1F;CDKN2B;CXCL2;MMP14;MRPL23;ARRB2;PSMC3;SLC6A12;DLG4;RAB27A;CDKN1C;AQP3;HMOX1;IGFBP2;TAP1;AP2S1;CCND3;CDO1;RRAD;GLS;IRF1;FGF18;RFC4;PPT1;CCNE1;JUNB;ACAA1;EPCAM
prerank,Myc Targets V2,0.3708562185557101,1.5406470718384835,0.02195945945945946,0.012664152980670654,0.216,30/57,31.90%,SRM;RRP9;MAP3K6;WDR74;MCM5;NOC4L;IPO4;PUS1;MRTO4;EXOSC5;CBX3;PPAN;MCM4;NOP16;TBRG4;PES1;MYBBP1A;TCOF1;PPRC1;BYSL;IMP4;LAS1L;SLC29A2;DUSP2;PA2G4;FARSA;GRWD1;HSPE1;NPM1;RRP12
prerank,Estrogen Response Early,0.2847938236313338,1.4563502888011415,0.014970059880239521,0.027786972041350843,0.42,54/189,18.80%,KRT19;SFN;ALDH3B1;KRT15;SULT2B1;NBL1;MUC1;ELF3;RHOD;LAD1;KLK10;DHRS3;PLAAT3;SYT12;SCNN1A;KRT18;PMAIP1;SEMA3B;CCND1;RARA;PRSS23;CLDN7;NADSYN1;PTGES;TFAP2C;KRT13;ENDOD1;TGM2;KCNK15;SIAH2;NXT1;INHBB;TIAM1;TPD52L1;KRT8;RAPGEFL1;AQP3;BHLHE40;IGFBP4;SLC2A1;ASB13;SLC27A2;OLFML3;UGCG;SEC14L2;RAB31;P2RY2;PGR;MREG;MICB;DHRS2;MYBBP1A;BAG1;TPBG
prerank,Cholesterol Homeostasis,0.32397473432976004,1.4201385267165516,0.03934426229508197,0.03833275420917965,0.544,29/72,26.73%,S100A11;LGALS3;PLAUR;CXCL16;ETHE1;TNFRSF12A;CLU;SEMA3B;SCD;FBXO6;ACTG1;LDLR;PMVK;EBP;ANXA5;TP53INP1;PLSCR1;ALCAM;FABP5;PDK3;ECH1;FDPS;MVK;TM7SF2;ALDOC;ACAT2;MAL2;LPL;GUSB
prerank,Myogenesis,0.27999272809051573,1.411110747276782,0.025835866261398176,0.039983573933095366,0.576,46/164,21.07%,SYNGR2;EPHB3;ITGB4;SPHK1;RYR1;GSN;CDKN1A;PTP4A3;PDLIM7;CTF1;CLU;MYBPH;ERBB3;FLII;TGFB1;SCD;AGRN;FKBP1B;COL1A1;TNNC2;MYO1C;PLXNB2;DAPK2;FGF2;ITGB5;TPD52L1;PSEN2;PC;MYL6B;TPM3;LSP1;AK1;BHLHE40;AEBP1;KLF5;TNNI1;APOD;PDE4DIP;COL6A2;FABP3;BAG1;CNN3;COL3A1;TNNT1;SORBS3;ADAM12
prerank,Notch Signaling,0.3790056964701949,1.3663895915632838,0.0763888888888889,0.056684510170311106,0.705,11/31,23.05%,DTX2;CCND1;DTX4;LFNG;RBX1;PSEN2;APH1A;PSENEN;DTX1;KAT2A;FZD1
prerank,Angiogenesis,0.37967529228077285,1.3509549695255318,0.11826086956521739,0.06031314822419476,0.745,16/29,30.41%,TIMP1;S100A4;TNFRSF21;PDGFA;OLR1;LUM;SPP1;VCAN;COL3A1;LRPAP1;JAG2;CCND2;POSTN;LPL;COL5A2;FSTL1
prerank,Xenobiotic Metabolism,0.25395674144313174,1.257520147663877,0.0843558282208589,0.1223696857837806,0.944,35/153,15.86%,CYP2S1;UPP1;TNFRSF1A;GSTO1;DDAH2;PROS1;FAS;COMT;EPHA2;DHRS1;SLC1A5;ABCC3;CFB;PMM1;PTGES;TMEM176B;CASP6;PSMB10;SLC6A12;ACP2;NINJ1;PC;PEMT;NPC1;HMOX1;SERTAD1;GSS;BCAT1;BCAR1;IGFBP4;SLC6A6;XDH;JUP;CDO1;AQP9
prerank,Pperoxisome,0.27476928158181174,1.2556280301707488,0.11967213114754098,0.12007149914002786,0.945,26/90,20.98%,MVP;TSPO;SULT2B1;HSD3B7;HRAS;DHRS3;CRABP2;ITGB1BP1;RXRG;ACOT8;CTBP1;ERCC1;CDK7;YWHAH;DLG4;ABCB9;PEX14;ACSL5;DHCR24;SLC27A2;SLC25A19;FIS1;PABPC1;SEMA3C;ACAA1;SOD1
prerank,KRAS Signaling Dn,0.2596790012899016,1.2150541129701038,0.14553990610328638,0.15621189626306978,0.978,29/108,16.62%,KRT15;RYR1;CCNA1;SPTBN2;CLDN16;PNMT;TGM1;KLK7;KRT13;CHST2;LFNG;CD207;LYPD3;PLAG1;SYNPO;RGS11;SLC6A14;CCDC106;KLHDC8A;KCNMB1;PKP1;MX1;GPRC5C;IGFBP2;MACROH2A2;RSAD2;KCND1;SLC29A3;GAMT
prerank,E2F Targets,0.22293732831198645,1.1290337636718037,0.2087745839636914,0.2637178547882698,0.998,67/192,31.32%,JPT1;HMGA1;CDKN1A;CDC25B;CDKN2A;SNRPB;RNASEH2A;POP7;H2AX;MCM5;POLD1;CHEK1;DONSON;POLE4;CHEK2;TK1;NME1;SPC24;PCNA;MCM7;TUBB;ASF1B;RFC2;RANBP1;UBE2T;STMN1;ORC6;MCM4;MCM6;HELLS;POLA2;TBRG4;DDX39A;PRDX4;CENPM;NAP1L1;CCNE1;CKS2;MCM2;EXOSC8;TP53;GINS1;XRCC6;AURKB;CKS1B;SLBP;NAA38;TUBG1;LIG1;H2AZ1;POLE;PRIM2;NASP;MELK;MCM3;GINS3;SUV39H1;HMGB3;CCNB2;TCF19;PA2G4;RAN;MXD3;MYBL2;UBE2S;DUT;EZH2
prerank,Apical Surface,0.2906943740128398,1.0897568571550382,0.3293515358361775,0.32253530024954985,0.999,13/35,21.70%,PLAUR;SULF2;LYN;LYPD3;CX3CL1;DCBLD2;HSPB1;EFNA5;FLOT2;CROCC;IL2RG;GATA3;MAL
prerank,PI3K/AKT/mTOR  Signaling,0.23579726506185425,1.0874521829573385,0.2967741935483871,0.3167933560579737,0.999,20/96,15.02%,SFN;PFN1;TNFRSF1A;CFL1;CDKN1A;HRAS;ARPC3;AP2M1;CSNK2B;NOD1;E2F1;MAP2K3;RAC1;MYD88;ARHGDIA;TIAM1;PIN1;GRK2;PPP1CA;SLC2A1
prerank,TGF-beta Signaling,0.20655417556762448,0.8437751059136682,0.7452339688041595,0.8451657379001764,1.0,17/52,28.79%,PMEPA1;CDK9;IFNGR2;TGFB1;SLC20A1;TGIF1;CDKN1C;PPP1CA;TGFBR1;RAB31;JUNB;ACVR1;LTBP2;SMURF2;SKIL;FNTA;RHOA
prerank,Wnt-beta Catenin Signaling,0.19553049927592295,0.7450549145725291,0.8537414965986394,0.9662209667011133,1.0,12/38,24.77%,HEY2;CSNK1E;WNT5B;AXIN1;PSEN2;JAG2;KAT2A;CCND2;TP53;TCF7;FZD1;FRAT1
prerank,Mitotic Spindle,0.14058488498125563,0.7195783048621535,0.9852507374631269,0.958650535426604,1.0,30/194,16.54%,CDC42EP1;SAC3D1;MAP1S;GSN;CTTN;MAP3K11;TUBA4A;WASF1;FLNA;SEPTIN9;CLIP2;ABR;SYNPO;ARL8A;ARHGDIA;ARHGEF2;TIAM1;ARHGAP4;ARF6;SHROOM1;CEP131;MYH10;DST;NET1;MYO9B;LLGL1;BCAR1;ARHGAP10;UXT;KLC1
prerank,G2-M Checkpoint,-0.12034311883127664,-0.6480664636959276,1.0,0.9899144087662869,1.0,42/186,24.67%,RPS6KA5;INCENP;SMC1A;STAG1;CDC25A;NOLC1;H2AZ2;NSD2;PAFAH1B1;FANCC;EGF;FBXO5;PURA;SLC38A1;KMT5A;CUL5;CTCF;SQLE;CCNT1;ATRX;NUP50;GSPT1;PRMT5;SYNCRIP;SMC2;HIRA;SMC4;TFDP1;RAD21;WRN;CDC27;CBX1;CUL3;LIG3;H2BC12;TRA2B;KPNB1;PDS5B;YTHDC1;SRSF10;ABL1;ARID4A
prerank,Hedgehog Signaling,-0.22713080083161524,-0.865188732435767,0.6709677419354839,0.8453109339551034,1.0,8/32,17.62%,VLDLR;OPHN1;VEGFA;PTCH1;TLE1;CDK6;NF1;CNTFR
prerank,mTORC1 Signaling,-0.1691514102249387,-0.9328250247814631,0.6366120218579235,0.7239909865707173,0.999,43/197,18.75%,ADIPOR2;HMGCR;CANX;HMGCS1;CTH;VLDLR;ADD3;PIK3R3;SORD;IDI1;HSPA9;HSP90B1;STC1;SLA;CDC25A;TFRC;USO1;RDH11;HSPA5;IMMT;PSPH;UCHL5;STARD4;ATP2A2;LGMN;ACSL3;TXNRD1;CALR;PGK1;GOT1;SQLE;UNG;ME1;PSAT1;SSR1;GTF2H1;TCEA1;ACACA;CYP51A1;NFYC;ACLY;SLC7A11;GCLC
prerank,Adipogenesis,-0.2092489054762307,-1.1438023263938646,0.1513353115727003,0.23486789610106407,0.949,78/192,32.84%,LIFR;ADIPOR2;MTARC2;GPAM;CAVIN2;CD36;DBT;ACADM;SPARCL1;DLD;NDUFA5;BCKDHA;CD302;FZD4;DNAJB9;FABP4;IDH3A;RREB1;AIFM1;IMMT;RTN3;SCARB1;PPP1R15B;DHRS7;ACO2;SDHC;CPT2;COQ9;GHITM;CHUK;ALDH2;G3BP2;ME1;CS;COL4A1;DLAT;PRDX3;MCCC1;PTCD3;SUCLG1;LPCAT3;ACLY;PHYH;HADH;COQ5;REEP5;SCP2;QDPR;POR;RNF11;CRAT;MAP4K3;GBE1;BAZ2A;MDH2;MYLK;ANGPT1;LAMA4;COL15A1;PPM1B;TOB1;UBQLN1;ABCB8;GPHN;PDCD4;ARL4A;ESRRA;SDHB;NKIRAS1;SORBS1;PREB;SULT1A1;SOWAHC;CYC1;COX7B;CHCHD10;RETSAT;EPHX2
prerank,Unfolded Protein Response,-0.22869045142471972,-1.1541374339427204,0.185,0.2414108924385324,0.936,29/110,17.08%,HERPUD1;EIF2AK3;HYOU1;CNOT4;VEGFA;SPCS3;DNAJC3;DNAJB9;HSPA9;HSP90B1;NOLC1;CEBPG;PDIA6;STC2;HSPA5;XPOT;EIF4E;CALR;ERN1;SRPRB;WFS1;DCP1A;SDAD1;SRPRA;PSAT1;SSR1;IARS1;MTREX;EXOC2
prerank,Bile Acid Metabolism,-0.23988231578073105,-1.1604016767169172,0.15885416666666666,0.25602258203250405,0.932,27/88,22.87%,DIO2;TFCP2L1;CYP7B1;ACSL1;CYP46A1;HSD17B4;IDI1;PFKM;ALDH9A1;DIO1;ALDH1A1;PEX1;PNPLA8;PEX11A;MLYCD;RXRA;PEX12;ABCA5;ABCA8;SLC23A2;HACL1;PHYH;NUDT12;BMP6;SCP2;LONP2;AR
prerank,Protein Secretion,-0.24434320876677426,-1.1911094147198464,0.13695090439276486,0.2345990296025732,0.894,37/94,28.08%,GOLGA4;GALC;MON2;YIPF6;OCRL;TOM1L1;ARFGAP3;NAPA;USO1;CLN5;AP3B1;DNM1L;ARFGEF2;TMED10;CLCN3;STX12;ATP6V1H;ATP7A;AP1G1;DOP1A;SEC22B;COG2;GOSR2;GNAS;M6PR;VAMP7;TMED2;CLTC;SNX2;LMAN1;SEC24D;ATP1A1;SEC31A;KIF1B;SH3GL2;VPS4B;TMX1
prerank,Androgen Response,-0.25187824962860106,-1.2346469083722953,0.10989010989010989,0.1939704519435207,0.807,21/95,13.76%,LIFR;IQGAP2;HMGCR;CDC14B;HMGCS1;GPD1L;PIAS1;APPBP2;SPCS3;SORD;IDI1;HERC3;DNAJB9;ELL2;ABCC4;PTPN21;ACSL3;KLK2;PLPP1;AKAP12;TNFAIP8
prerank,Spermatogenesis,-0.29733190514443364,-1.3773953428545251,0.03535353535353535,0.07314325173999164,0.437,32/72,31.55%,PIAS2;VDAC3;PRKAR2A;CLPB;RAD17;ZC3H14;CCT6B;IFT88;DDX25;SPATA6;PHF7;BRAF;STAM2;ACE;GSTM3;ZC2HC1C;STRBP;COIL;MTOR;MAP7;TOPBP1;JAM3;HSPA1L;MLLT10;MLF1;PEBP1;SIRT1;HSPA2;ACRBP;AURKA;ARL4A;IDE
prerank,UV Response Dn,-0.268123336200572,-1.40405717908574,0.02710027100271003,0.07037016845663195,0.366,32/138,14.60%,SFMBT1;CDON;IRS1;SYNE1;KIT;PRKCE;VLDLR;TOGARAM1;ATRN;ARHGEF9;DMAC2L;DLG1;ADD3;NR3C1;PIK3R3;BCKDHB;TGFBR2;APBB2;CITED2;PTPN21;MAGI2;NIPBL;BMPR1A;RXRA;MRPS31;WDR37;PRDM2;CAP2;DYRK1A;PRKCA;SCAF8;ATRX
prerank,heme Metabolism,-0.2669520324713391,-1.4384607763089186,0.014492753623188406,0.06201275690999291,0.278,65/171,28.78%,ALDH6A1;TRIM58;RAP1GAP;TNS1;RANBP10;NNT;FECH;ISCA1;NR3C1;TENT5C;ABCG2;SEC14L1;ELL2;DCUN1D1;DCAF10;SYNJ1;FBXO9;TFRC;TAL1;MXI1;ALDH1L1;CA2;MARCHF8;GAPVD1;MPP1;MARK3;EPB41;KLF3;DAAM1;HEBP1;ARL2BP;CLCN3;ADD2;NFE2L1;TNRC6B;KAT2B;XK;TCEA1;SELENBP1;BMP2K;ALAD;NUDT4;SLC7A11;GCLC;CDC27;SLC6A9;CLIC2;BTRC;RNF123;DCAF11;CDR2;ARHGEF12;GMPS;SLC25A38;FBXO34;ATG4A;SDCBP;TFDP2;OSBP2;KDM7A;NCOA4;FOXO3;HBB;RNF19A;H1-0
prerank,Pancreas Beta Cells,-0.4553040069899442,-1.4933853900849794,0.054245283018867926,0.05444402042559378,0.197,8/19,18.92%,FOXO1;MAFB;ABCC8;SRPRB;SYT13;STXBP1;ELP4;FOXA2
prerank,Fatty Acid Metabolism,-0.28832725751222654,-1.52179247176577,0.0,0.06334841628959277,0.155,45/137,22.20%,ADIPOR2;TP53INP2;HMGCS1;ETFDH;CD36;ACSL1;CA4;HSD17B4;ACADM;ACSS1;DLD;CPT1A;SUCLA2;IDI1;ALDH9A1;ALDH1A1;BCKDHB;EHHADH;CA2;RDH11;PDHA1;MLYCD;ACO2;SDHD;HSDL2;SDHC;AUH;KMT5A;PPARA;CPT2;AOC3;ME1;HCCS;FASN;SUCLG1;ALAD;MAOA;SUCLG2;HADH;HADHB;GLUL;FH;SERINC1;DLST;CRAT
prerank,Oxidative Phosphorylation,-0.3110663089539134,-1.696996885899167,0.0,0.022897017935997386,0.03,64/198,22.45%,ACADSB;ALDH6A1;ETFDH;COX10;NNT;AFG3L2;ACADM;NDUFS1;ISCA1;DLD;NDUFA5;COX15;BCKDHA;CYCS;CPT1A;SUCLA2;MPC1;VDAC3;OGDH;HSPA9;OPA1;IDH3A;RHOT1;ATP5F1B;AIFM1;PDHA1;IMMT;UQCRC2;OAT;ACO2;SDHD;COX11;SDHC;FDX1;GOT2;ATP5F1A;ACAT1;MTRF1;MTRR;ATP6V1H;ATP6V1C1;MFN2;SLC25A4;TOMM70;SLC25A20;CS;HCCS;DLAT;PRDX3;MRPS22;SUCLG1;PDHX;PHYH;HADHB;ATP5PB;FXN;PDK4;LDHB;FH;SLC25A5;POR;DLST;MRPL35;UQCRFS1
