cls,norm_cs
VITAMIN_K_ANTAGONIST,-1.5473
KAINATE_RECEPTOR_ANTAGONIST,-1.4418
BACTERIAL_PERMEABILITY_INDUCER,-1.4287999999999998
HSP_INHIBITOR,-1.4251
LIPASE_INHIBITOR,-1.3738
ADENYLYL_CYCLASE_ACTIVATOR,-1.3484500000000001
ATPASE_INHIBITOR,-1.31475
GLUCOCORTICOID_RECEPTOR_AGONIST,-1.3051
UBIQUITIN_SPECIFIC_PROTEASE_INHIBITOR,-1.2547
LACTAMASE_INHIBITOR,-1.2525
SOMATOSTATIN_RECEPTOR_AGONIST,-1.24005
DOT1L_INHIBITOR,-1.2361
FXR_ANTAGONIST,-1.2104
IMMUNOSTIMULANT,-1.2075
ANDROGEN_RECEPTOR_AGONIST,-1.19875
ANTIOXIDANT,-1.19815
ERBB2_INHIBITOR,-1.1686
NON-NUCLEOSIDE_REVERSE_TRANSCRIPTASE_INHIBITOR,-1.16
SIGMA_RECEPTOR_AGONIST,-1.1583
PROGESTOGEN_HORMONE,-1.1577
ANTIPROTOZOAL_AGENT,-1.1425
CELL_CYCLE_INHIBITOR,-1.1156
FXR_AGONIST,-1.1056
ESTROGEN_RECEPTOR_AGONIST,-1.09775
HDAC_INHIBITOR,-1.0814
CATHEPSIN_INHIBITOR,-1.0811000000000002
BETA_AMYLOID_INHIBITOR,-1.0804
NFKB_PATHWAY_INHIBITOR,-1.07935
LIPID_PEROXIDASE_INHIBITOR,-1.0696
PLATELET_ACTIVATING_FACTOR_RECEPTOR_ANTAGONIST,-1.0678
GLYCINE_TRANSPORTER_INHIBITOR,-1.0661
ATP_CHANNEL_BLOCKER,-1.0643
AROMATASE_INHIBITOR,-1.05925
PROTEASOME_INHIBITOR,-1.0574
GLUTAMATE_RECEPTOR_ANTAGONIST,-1.0548
PROGESTERONE_RECEPTOR_ANTAGONIST,-1.05415
PHOSPHOLIPASE_INHIBITOR,-1.0465
BETA-SECRETASE_INHIBITOR,-1.0461
LOCAL_ANESTHETIC,-1.0434
BACTERIAL_DNA_GYRASE_INHIBITOR,-1.04165
ANGIOTENSIN_RECEPTOR_ANTAGONIST,-1.03135
TNF_PRODUCTION_INHIBITOR,-1.028
SERINE/THREONINE_KINASE_INHIBITOR,-1.0205
GROWTH_FACTOR_RECEPTOR_INHIBITOR,-1.00855
NOREPINEPHRINE_TRANSPORTER_INHIBITOR,-1.0078
NAMPT_INHIBITOR,-1.0042
PKA_INHIBITOR,-0.9989000000000001
CYTOCHROME_P450_INHIBITOR,-0.99705
SEROTONIN_REUPTAKE_INHIBITOR,-0.9924999999999999
GLUCOCORTICOID_RECEPTOR_ANTAGONIST,-0.9912
CALCITONIN_ANTAGONIST,-0.9838
IMIDAZOLINE_LIGAND,-0.9784
ACETYLCHOLINE_RECEPTOR_ANTAGONIST,-0.9766
HISTAMINE_RECEPTOR_AGONIST,-0.9683
INTEGRIN_ANTAGONIST,-0.96625
SERINE_PROTEASE_INHIBITOR,-0.9644
GASTRIN_INHIBITOR,-0.963
5_ALPHA_REDUCTASE_INHIBITOR,-0.9616500000000001
PROGESTERONE_RECEPTOR_AGONIST,-0.9602
MELATONIN_RECEPTOR_AGONIST,-0.95835
THROMBOXANE_RECEPTOR_ANTAGONIST,-0.95665
STAT_INHIBITOR,-0.9525
HIF_MODULATOR,-0.9507
MINERALOCORTICOID_RECEPTOR_ANTAGONIST,-0.9504
CANNABINOID_RECEPTOR_AGONIST,-0.9503
DIPEPTIDYL_PEPTIDASE_INHIBITOR,-0.95
TUBULIN_INHIBITOR,-0.9491
CALCIUM_CHANNEL_BLOCKER,-0.9433
CHOLESTEROL_INHIBITOR,-0.9426
REDUCING_AGENT,-0.94065
CHELATING_AGENT,-0.9401999999999999
REVERSE_TRANSCRIPTASE_INHIBITOR,-0.9388
NITRIC_OXIDE_SYNTHASE_INHIBITOR,-0.9366
SPHINGOSINE_KINASE_INHIBITOR,-0.9286
DNA_ALKYLATING_AGENT,-0.9223
INSULIN_SENSITIZER,-0.92135
GABA_RECEPTOR_ANTAGONIST,-0.9211
ADRENERGIC_RECEPTOR_AGONIST,-0.91625
PLK_INHIBITOR,-0.9107000000000001
PHOSPHODIESTERASE_INHIBITOR,-0.9006
GLYCOGEN_SYNTHASE_KINASE_INHIBITOR,-0.899
NITRIC_OXIDE_PRODUCTION_INHIBITOR,-0.8983
PROSTANOID_RECEPTOR_AGONIST,-0.8962
RNA_POLYMERASE_INHIBITOR,-0.8927
PROTEIN_SYNTHESIS_INHIBITOR,-0.89255
ENDOTHELIN_RECEPTOR_ANTAGONIST,-0.8924
NEUROPEPTIDE_RECEPTOR_ANTAGONIST,-0.8902
CASEIN_KINASE_INHIBITOR,-0.8901
BACTERIAL_50S_RIBOSOMAL_SUBUNIT_INHIBITOR,-0.8878
APOPTOSIS_STIMULANT,-0.8875
SOLVENT,-0.88655
TYROSINE_KINASE_INHIBITOR,-0.8742
XIAP_INHIBITOR,-0.8715
THROMBOXANE_SYNTHASE_INHIBITOR,-0.8689
OREXIN_RECEPTOR_ANTAGONIST,-0.8684
IKK_INHIBITOR,-0.8635
IMIDAZOLINE_RECEPTOR_AGONIST,-0.86275
"NUCLEAR_FACTOR_ERYTHROID_DERIVED,_LIKE_(NRF2)_ACTIVATOR",-0.8597
KELCH-LIKE_ECH-ASSOCIATED_PROTEIN_LIGAND,-0.8503
CAPILLARY_STABILIZING_AGENT,-0.8496
HIV_PROTEASE_INHIBITOR,-0.8386
HIV_INTEGRASE_INHIBITOR,-0.8341000000000001
CORTICOSTEROID_AGONIST,-0.8202
TRPV_ANTAGONIST,-0.8179
CALCIUM_CHANNEL_ACTIVATOR,-0.8168500000000001
SMOOTHENED_RECEPTOR_ANTAGONIST,-0.81465
MICROTUBULE_INHIBITOR,-0.8129
11-BETA-HSD1_INHIBITOR,-0.81145
PROSTANOID_RECEPTOR_ANTAGONIST,-0.8029
PPAR_RECEPTOR_AGONIST,-0.8027500000000001
SODIUM_CHANNEL_BLOCKER,-0.7973
JAK_INHIBITOR,-0.7949
SIGMA_RECEPTOR_ANTAGONIST,-0.7835
ADRENERGIC_RECEPTOR_ANTAGONIST,-0.7776
DNA_POLYMERASE_INHIBITOR,-0.77655
ADENOSINE_RECEPTOR_ANTAGONIST,-0.7728
HISTONE_LYSINE_METHYLTRANSFERASE_INHIBITOR,-0.7709
NOREPINEPHRINE_REPUTAKE_INHIBITOR,-0.7706500000000001
PROTEIN_KINASE_INHIBITOR,-0.769
ALDOSE_REDUCTASE_INHIBITOR,-0.7604
GLUCOSYLCERAMIDASE_INHIBITOR,-0.7416
ATP_SYNTHASE_INHIBITOR,-0.7399
ANGIOTENSIN_CONVERTING_ENZYME_INHIBITOR,-0.7366
MATRIX_METALLOPROTEASE_INHIBITOR,-0.729
SODIUM/GLUCOSE_COTRANSPORTER_INHIBITOR,-0.7273499999999999
CHLORIDE_CHANNEL_BLOCKER,-0.7246
FREE_RADICAL_SCAVENGER,-0.7235499999999999
CYCLOOXYGENASE_INHIBITOR,-0.7223
ANDROGEN_RECEPTOR_ANTAGONIST,-0.7199
PROTEIN_PHOSPHATASE_INHIBITOR,-0.7193
PROTEIN_TYROSINE_KINASE_INHIBITOR,-0.7172
CC_CHEMOKINE_RECEPTOR_ANTAGONIST,-0.7148
IMIDAZOLINE_RECEPTOR_LIGAND,-0.7104
BENZODIAZEPINE_RECEPTOR_ANTAGONIST,-0.7064
FUNGAL_SQUALENE_EPOXIDASE_INHIBITOR,-0.70575
INTERLEUKIN_RECEPTOR_ANTAGONIST,-0.6995499999999999
DOPAMINE_UPTAKE_INHIBITOR,-0.6988
INSULIN_SECRETAGOGUE,-0.6963
STEROIDAL_PROGESTIN,-0.6571
THIAZIDE_DIURETIC,-0.6552
BONE_RESORPTION_INHIBITOR,-0.6547
PORCUPINE_INHIBITOR,-0.6546
ANTIMALARIAL_AGENT,-0.6462
ANTHELMINTIC_AGENT,-0.6378
C-MET_INHIBITOR,-0.6358
TYROSINE_PHOSPHATASE_INHIBITOR,-0.6222
CCK_RECEPTOR_ANTAGONIST,-0.6204000000000001
SRC_INHIBITOR,-0.6151
ADRENERGIC_INHIBITOR,-0.6065
HISTONE_LYSINE_DEMETHYLASE_INHIBITOR,-0.5981
VITAMIN_D_RECEPTOR_AGONIST,-0.5909
TYROSINASE_INHIBITOR,-0.5863
T-TYPE_CALCIUM_CHANNEL_BLOCKER,-0.5775
TGF_BETA_RECEPTOR_INHIBITOR,-0.5701
CANNABINOID_RECEPTOR_ANTAGONIST,-0.5659
HISTONE_DEMETHYLASE_INHIBITOR,-0.5656
ARYL_HYDROCARBON_RECEPTOR_AGONIST,-0.5359
PLATELET_AGGREGATION_INHIBITOR,-0.5107999999999999
HEPATOCYTE_GROWTH_FACTOR_RECEPTOR_INHIBITOR,-0.5062500000000001
SULFONYLUREA,-0.4902
BTK_INHIBITOR,-0.47785
GLUCOSIDASE_INHIBITOR,-0.4656
VASODILATOR,-0.4064
NADH-UBIQUINONE_OXIDOREDUCTASE_(COMPLEX_I)_INHIBITOR,-0.39165
ALCOHOL_DEHYDROGENASE_INHIBITOR,-0.3883
POTASSIUM_CHANNEL_BLOCKER,-0.24465000000000003
DIACYLGLYCEROL_O_ACYLTRANSFERASE_INHIBITOR,-0.19375000000000003
SELECTIVE_SEROTONIN_REUPTAKE_INHIBITOR_(SSRI),-0.17159999999999997
LEUCINE_RICH_REPEAT_KINASE_INHIBITOR,-0.15849999999999997
GLYCINE_RECEPTOR_ANTAGONIST,-0.14940000000000003
CLK_INHIBITOR,-0.13539999999999996
HEDGEHOG_PATHWAY_MODULATOR,-0.10999999999999999
MEDIATOR_RELEASE_INHIBITOR,-0.07355
PPAR_RECEPTOR_ANTAGONIST,-0.03705
SEROTONIN_RECEPTOR_AGONIST,-0.012800000000000034
JNK_INHIBITOR,-0.00269999999999998
ATM_KINASE_INHIBITOR,0.0
VOLTAGE-GATED_SODIUM_CHANNEL_BLOCKER,0.0
CYTOTOXIC_AGENT,0.0
HSP_INDUCER,0.0
DOPAMINE_REUPTAKE_INHIBITOR,0.0
ANTIARRHYTHMIC,0.0
TANKYRASE_INHIBITOR,0.0
FATTY_ACID_SYNTHASE_INHIBITOR,0.0
XANTHINE_OXIDASE_INHIBITOR,0.0
CARBONIC_ANHYDRASE_INHIBITOR,0.008950000000000014
CHOLINESTERASE_INHIBITOR,0.010850000000000026
THROMBIN_INHIBITOR,0.013699999999999934
CASPASE_INHIBITOR,0.013949999999999962
SEROTONIN_RECEPTOR_PARTIAL_AGONIST,0.015949999999999964
CDC_INHIBITOR,0.03225
POTASSIUM_CHANNEL_ACTIVATOR,0.043450000000000044
SEROTONIN_RECEPTOR_ANTAGONIST,0.05990000000000001
MAP_KINASE_INHIBITOR,0.06855
BETA_SECRETASE_INHIBITOR,0.08684999999999998
CDK_INHIBITOR,0.09179999999999999
DNA_ALKYLATING_DRUG,0.09965000000000002
PURINERGIC_RECEPTOR_ANTAGONIST,0.11149999999999999
VITAMIN_B,0.13970000000000005
LAXATIVE,0.15665
BACTERIAL_DNA_INHIBITOR,0.19234999999999997
TRICYCLIC_ANTIDEPRESSANT,0.1995
SIRT_INHIBITOR,0.21109999999999998
IMMUNOSUPPRESSANT,0.21920000000000006
THYROID_HORMONE_STIMULANT,0.25455
"GLUCOSE-DEPENDENT_INSULINOTROPIC_RECEPTOR_(GDIR,_GPR119)_AGONISTS",0.31904999999999994
OTHER_ANTIBIOTIC,0.32450000000000007
PHOSPHOLIPASE_ACTIVATOR,0.3326
PEPTIDASE_INHIBITOR,0.40775
VASOPRESSIN_RECEPTOR_ANTAGONIST,0.4479
DIURETIC,0.4684
HISTAMINE_RECEPTOR_MODULATOR,0.5115
NOREPINEPHRINE_REUPTAKE_INHIBITOR,0.5513
PYRUVATE_DEHYDROGENASE_KINASE_INHIBITOR,0.56655
GABA_RECEPTOR_MODULATOR,0.5685
GAMMA_SECRETASE_INHIBITOR,0.59335
LEUKOTRIENE_INHIBITOR,0.5952
PROTEASE_INHIBITOR,0.6013
SELECTIVE_ESTROGEN_RECEPTOR_MODULATOR_(SERM),0.6088
HCV_INHIBITOR,0.6106
SODIUM/CALCIUM_EXCHANGE_INHIBITOR,0.6312
ANTIVIRAL,0.6774
COAGULATION_FACTOR_INHIBITOR,0.6823
INSULIN_GROWTH_FACTOR_RECEPTOR_INHIBITOR,0.6858
CANNABINOID_RECEPTOR_INVERSE_AGONIST,0.6863
PROTEIN_SYNTHESIS_STIMULANT,0.69045
INOSITOL_MONOPHOSPHATASE_INHIBITOR,0.6982
BREAST_CANCER_RESISTANCE_PROTEIN_INHIBITOR,0.7003
EPHRIN_INHIBITOR,0.7081500000000001
VESICULAR_MONOAMINE_TRANSPORTER_INHIBITOR,0.7124
STEROL_DEMETHYLASE_INHIBITOR,0.7172499999999999
ANTIAMYLOIDOGENIC_AGENT,0.7199
MONOAMINE_OXIDASE_INHIBITOR,0.737
TRPV_AGONIST,0.7384
FARNESYLTRANSFERASE_INHIBITOR,0.7440500000000001
PKC_INHIBITOR,0.7479
TACHYKININ_ANTAGONIST,0.7496
BCL_INHIBITOR,0.7545
PIM_KINASE_INHIBITOR,0.75945
DNA_SYNTHESIS_INHIBITOR,0.7617
MEMBRANE_PERMEABILITY_INHIBITOR,0.7664
GAP_JUNCTION_MODULATOR,0.76985
LEUKOTRIENE_RECEPTOR_ANTAGONIST,0.7702
ANTICANCER_AGENT,0.7714
HISTAMINE_RECEPTOR_ANTAGONIST,0.7733000000000001
ALK_TYROSINE_KINASE_RECEPTOR_INHIBITOR,0.7773
MEMBRANE_INTEGRITY_INHIBITOR,0.7779
OPIOID_RECEPTOR_AGONIST,0.7781
BCR-ABL_KINASE_INHIBITOR,0.7887
CALMODULIN_ANTAGONIST,0.7891
ABL_KINASE_INHIBITOR,0.7944
DIHYDROOROTATE_DEHYDROGENASE_INHIBITOR,0.7951999999999999
TP53_ACTIVATOR,0.7985
GLUTAMATE_INHIBITOR,0.8035000000000001
PDGFR_TYROSINE_KINASE_RECEPTOR_INHIBITOR,0.8186
FAAH_INHIBITOR,0.8315
ANGIOGENESIS_INHIBITOR,0.83675
AMPK_ACTIVATOR,0.8432999999999999
KINESIN_INHIBITOR,0.8455
HISTONE_ACETYLTRANSFERASE_INHIBITOR,0.8538
CASPASE_ACTIVATOR,0.86665
MITOCHONDRIAL_COMPLEX_I_INHIBITOR,0.8694
WNT_SIGNALING_INHIBITOR,0.8694
P-GLYCOPROTEIN_INHIBITOR,0.87
P38_MAPK_INHIBITOR,0.8734
ISOCITRATE_DEHYDROGENASE_INHIBITOR,0.874
ACETYLCHOLINESTERASE_INHIBITOR,0.878
LIPOXYGENASE_INHIBITOR,0.88125
GUANYLYL_CYCLASE_INHIBITOR,0.8853
PKC_ACTIVATOR,0.8906
RAF_INHIBITOR,0.8923
NUCLEOSIDE_REVERSE_TRANSCRIPTASE_INHIBITOR,0.8926
DNA_DEPENDENT_PROTEIN_KINASE_INHIBITOR,0.8962
IGF-1_INHIBITOR,0.9025
RIBONUCLEOSIDE_REDUCTASE_INHIBITOR,0.9053
DOPAMINE_RECEPTOR_AGONIST,0.9057
SYK_INHIBITOR,0.9066
DNA_METHYLTRANSFERASE_INHIBITOR,0.9135
AURORA_KINASE_INHIBITOR,0.9156
ACAT_INHIBITOR,0.9198
RHO_ASSOCIATED_KINASE_INHIBITOR,0.92075
DOPAMINE_RECEPTOR_ANTAGONIST,0.9221
DNA_DIRECTED_DNA_POLYMERASE_INHIBITOR,0.9237
METALLOPROTEINASE_INHIBITOR,0.9314
RNA_SYNTHESIS_INHIBITOR,0.9323
OPIOID_RECEPTOR_ANTAGONIST,0.9382
SODIUM/POTASSIUM/CHLORIDE_TRANSPORTER_INHIBITOR,0.9627
RET_TYROSINE_KINASE_INHIBITOR,0.9754
RETINOID_RECEPTOR_AGONIST,0.978
CARCINOGEN,0.9794
CALCINEURIN_INHIBITOR,0.9798
EGFR_INHIBITOR,0.9875
ALGICIDE,0.9996
MDM_INHIBITOR,1.0183
FLT3_INHIBITOR,1.0210499999999998
PARP_INHIBITOR,1.0332
BENZODIAZEPINE_RECEPTOR_AGONIST,1.0443500000000001
GABA_RECEPTOR_AGONIST,1.048
FGFR_INHIBITOR,1.05215
MEK_INHIBITOR,1.0532
THYMIDYLATE_SYNTHASE_INHIBITOR,1.0614
RIBONUCLEOTIDE_REDUCTASE_INHIBITOR,1.0813
RECEPTOR_TYROSINE_PROTEIN_KINASE_INHIBITOR,1.0817
LXR_AGONIST,1.09395
KIT_INHIBITOR,1.0991
INOSINE_MONOPHOSPHATE_DEHYDROGENASE_INHIBITOR,1.10465
ACETYLCHOLINE_RECEPTOR_AGONIST,1.1058
GAT_INHIBITOR,1.1174
ESTROGEN_RECEPTOR_ANTAGONIST,1.1289
LIPASE_CLEARING_FACTOR_INHIBITOR,1.1320000000000001
ATR_KINASE_INHIBITOR,1.1333
MELANIN_INHIBITOR,1.1333
DYRK_INHIBITOR,1.1339000000000001
PURINE_ANTAGONIST,1.1498
BROMODOMAIN_INHIBITOR,1.1569
ARYL_HYDROCARBON_RECEPTOR_ANTAGONIST,1.16205
AKT_INHIBITOR,1.1646
VEGFR_INHIBITOR,1.1842000000000001
CALCIUM/CALMODULIN_DEPENDENT_PROTEIN_KINASE_INHIBITOR,1.1922
DNA_INHIBITOR,1.19315
PROTEIN_ARGININE_N-METHYLTRANSFERASE_INHIBITOR,1.19685
ADENOSINE_RECEPTOR_AGONIST,1.2165
FOCAL_ADHESION_KINASE_INHIBITOR,1.23205
PI3K_INHIBITOR,1.2732
ANDROGEN_RECEPTOR_MODULATOR,1.2967
DIHYDROFOLATE_REDUCTASE_INHIBITOR,1.3149
SIRT_ACTIVATOR,1.3342
BRUTON'S_TYROSINE_KINASE_(BTK)_INHIBITOR,1.3468
HMGCR_INHIBITOR,1.3865
CHK_INHIBITOR,1.388
TOPOISOMERASE_INHIBITOR,1.3946
HYDANTOIN_ANTIEPILEPTIC,1.4189
TELOMERASE_INHIBITOR,1.4614
MICROTUBULE_STABILIZING_AGENT,1.474
MTOR_INHIBITOR,1.5128
OSTEOCLAST_INHIBITOR,1.5732
PABA_ANTAGONIST,1.581
